Image Paths,Labeled Image Paths
/content/drive/MyDrive/Thesis (Image Segmentation)/FCN/CamVid/train/0001TP_009810.png,/content/drive/MyDrive/Thesis (Image Segmentation)/FCN/CamVid/train_labels_npy/0001TP_009810_L.npy
/content/drive/MyDrive/Thesis (Image Segmentation)/FCN/CamVid/train/0001TP_009240.png,/content/drive/MyDrive/Thesis (Image Segmentation)/FCN/CamVid/train_labels_npy/0001TP_009240_L.npy
/content/drive/MyDrive/Thesis (Image Segmentation)/FCN/CamVid/train/0001TP_009750.png,/content/drive/MyDrive/Thesis (Image Segmentation)/FCN/CamVid/train_labels_npy/0001TP_009750_L.npy
/content/drive/MyDrive/Thesis (Image Segmentation)/FCN/CamVid/train/0001TP_009210.png,/content/drive/MyDrive/Thesis (Image Segmentation)/FCN/CamVid/train_labels_npy/0001TP_009210_L.npy
/content/drive/MyDrive/Thesis (Image Segmentation)/FCN/CamVid/train/0001TP_009840.png,/content/drive/MyDrive/Thesis (Image Segmentation)/FCN/CamVid/train_labels_npy/0001TP_009840_L.npy
/content/drive/MyDrive/Thesis (Image Segmentation)/FCN/CamVid/train/0001TP_009690.png,/content/drive/MyDrive/Thesis (Image Segmentation)/FCN/CamVid/train_labels_npy/0001TP_009690_L.npy
/content/drive/MyDrive/Thesis (Image Segmentation)/FCN/CamVid/train/0001TP_009540.png,/content/drive/MyDrive/Thesis (Image Segmentation)/FCN/CamVid/train_labels_npy/0001TP_009540_L.npy
/content/drive/MyDrive/Thesis (Image Segmentation)/FCN/CamVid/train/0001TP_009450.png,/content/drive/MyDrive/Thesis (Image Segmentation)/FCN/CamVid/train_labels_npy/0001TP_009450_L.npy
/content/drive/MyDrive/Thesis (Image Segmentation)/FCN/CamVid/train/0001TP_009420.png,/content/drive/MyDrive/Thesis (Image Segmentation)/FCN/CamVid/train_labels_npy/0001TP_009420_L.npy
/content/drive/MyDrive/Thesis (Image Segmentation)/FCN/CamVid/train/0001TP_010050.png,/content/drive/MyDrive/Thesis (Image Segmentation)/FCN/CamVid/train_labels_npy/0001TP_010050_L.npy
/content/drive/MyDrive/Thesis (Image Segmentation)/FCN/CamVid/train/0001TP_009510.png,/content/drive/MyDrive/Thesis (Image Segmentation)/FCN/CamVid/train_labels_npy/0001TP_009510_L.npy
/content/drive/MyDrive/Thesis (Image Segmentation)/FCN/CamVid/train/0001TP_009390.png,/content/drive/MyDrive/Thesis (Image Segmentation)/FCN/CamVid/train_labels_npy/0001TP_009390_L.npy
/content/drive/MyDrive/Thesis (Image Segmentation)/FCN/CamVid/train/0001TP_010140.png,/content/drive/MyDrive/Thesis (Image Segmentation)/FCN/CamVid/train_labels_npy/0001TP_010140_L.npy
/content/drive/MyDrive/Thesis (Image Segmentation)/FCN/CamVid/train/0001TP_010080.png,/content/drive/MyDrive/Thesis (Image Segmentation)/FCN/CamVid/train_labels_npy/0001TP_010080_L.npy
/content/drive/MyDrive/Thesis (Image Segmentation)/FCN/CamVid/train/0001TP_009990.png,/content/drive/MyDrive/Thesis (Image Segmentation)/FCN/CamVid/train_labels_npy/0001TP_009990_L.npy
/content/drive/MyDrive/Thesis (Image Segmentation)/FCN/CamVid/train/0001TP_009780.png,/content/drive/MyDrive/Thesis (Image Segmentation)/FCN/CamVid/train_labels_npy/0001TP_009780_L.npy
/content/drive/MyDrive/Thesis (Image Segmentation)/FCN/CamVid/train/0001TP_010110.png,/content/drive/MyDrive/Thesis (Image Segmentation)/FCN/CamVid/train_labels_npy/0001TP_010110_L.npy
/content/drive/MyDrive/Thesis (Image Segmentation)/FCN/CamVid/train/0001TP_009720.png,/content/drive/MyDrive/Thesis (Image Segmentation)/FCN/CamVid/train_labels_npy/0001TP_009720_L.npy
/content/drive/MyDrive/Thesis (Image Segmentation)/FCN/CamVid/train/0001TP_010020.png,/content/drive/MyDrive/Thesis (Image Segmentation)/FCN/CamVid/train_labels_npy/0001TP_010020_L.npy
/content/drive/MyDrive/Thesis (Image Segmentation)/FCN/CamVid/train/0001TP_009480.png,/content/drive/MyDrive/Thesis (Image Segmentation)/FCN/CamVid/train_labels_npy/0001TP_009480_L.npy
/content/drive/MyDrive/Thesis (Image Segmentation)/FCN/CamVid/train/0006R0_f00960.png,/content/drive/MyDrive/Thesis (Image Segmentation)/FCN/CamVid/train_labels_npy/0006R0_f00960_L.npy
/content/drive/MyDrive/Thesis (Image Segmentation)/FCN/CamVid/train/0006R0_f01410.png,/content/drive/MyDrive/Thesis (Image Segmentation)/FCN/CamVid/train_labels_npy/0006R0_f01410_L.npy
/content/drive/MyDrive/Thesis (Image Segmentation)/FCN/CamVid/train/0006R0_f01260.png,/content/drive/MyDrive/Thesis (Image Segmentation)/FCN/CamVid/train_labels_npy/0006R0_f01260_L.npy
/content/drive/MyDrive/Thesis (Image Segmentation)/FCN/CamVid/train/0006R0_f01860.png,/content/drive/MyDrive/Thesis (Image Segmentation)/FCN/CamVid/train_labels_npy/0006R0_f01860_L.npy
/content/drive/MyDrive/Thesis (Image Segmentation)/FCN/CamVid/train/0006R0_f01500.png,/content/drive/MyDrive/Thesis (Image Segmentation)/FCN/CamVid/train_labels_npy/0006R0_f01500_L.npy
/content/drive/MyDrive/Thesis (Image Segmentation)/FCN/CamVid/train/0006R0_f01230.png,/content/drive/MyDrive/Thesis (Image Segmentation)/FCN/CamVid/train_labels_npy/0006R0_f01230_L.npy
/content/drive/MyDrive/Thesis (Image Segmentation)/FCN/CamVid/train/0001TP_010290.png,/content/drive/MyDrive/Thesis (Image Segmentation)/FCN/CamVid/train_labels_npy/0001TP_010290_L.npy
/content/drive/MyDrive/Thesis (Image Segmentation)/FCN/CamVid/train/0006R0_f01770.png,/content/drive/MyDrive/Thesis (Image Segmentation)/FCN/CamVid/train_labels_npy/0006R0_f01770_L.npy
/content/drive/MyDrive/Thesis (Image Segmentation)/FCN/CamVid/train/0001TP_010320.png,/content/drive/MyDrive/Thesis (Image Segmentation)/FCN/CamVid/train_labels_npy/0001TP_010320_L.npy
/content/drive/MyDrive/Thesis (Image Segmentation)/FCN/CamVid/train/0006R0_f01200.png,/content/drive/MyDrive/Thesis (Image Segmentation)/FCN/CamVid/train_labels_npy/0006R0_f01200_L.npy
/content/drive/MyDrive/Thesis (Image Segmentation)/FCN/CamVid/train/0006R0_f01140.png,/content/drive/MyDrive/Thesis (Image Segmentation)/FCN/CamVid/train_labels_npy/0006R0_f01140_L.npy
/content/drive/MyDrive/Thesis (Image Segmentation)/FCN/CamVid/train/0006R0_f00930.png,/content/drive/MyDrive/Thesis (Image Segmentation)/FCN/CamVid/train_labels_npy/0006R0_f00930_L.npy
/content/drive/MyDrive/Thesis (Image Segmentation)/FCN/CamVid/train/0006R0_f01560.png,/content/drive/MyDrive/Thesis (Image Segmentation)/FCN/CamVid/train_labels_npy/0006R0_f01560_L.npy
/content/drive/MyDrive/Thesis (Image Segmentation)/FCN/CamVid/train/0006R0_f01440.png,/content/drive/MyDrive/Thesis (Image Segmentation)/FCN/CamVid/train_labels_npy/0006R0_f01440_L.npy
/content/drive/MyDrive/Thesis (Image Segmentation)/FCN/CamVid/train/0001TP_010350.png,/content/drive/MyDrive/Thesis (Image Segmentation)/FCN/CamVid/train_labels_npy/0001TP_010350_L.npy
/content/drive/MyDrive/Thesis (Image Segmentation)/FCN/CamVid/train/0006R0_f02010.png,/content/drive/MyDrive/Thesis (Image Segmentation)/FCN/CamVid/train_labels_npy/0006R0_f02010_L.npy
/content/drive/MyDrive/Thesis (Image Segmentation)/FCN/CamVid/train/0006R0_f01470.png,/content/drive/MyDrive/Thesis (Image Segmentation)/FCN/CamVid/train_labels_npy/0006R0_f01470_L.npy
/content/drive/MyDrive/Thesis (Image Segmentation)/FCN/CamVid/train/0006R0_f01740.png,/content/drive/MyDrive/Thesis (Image Segmentation)/FCN/CamVid/train_labels_npy/0006R0_f01740_L.npy
/content/drive/MyDrive/Thesis (Image Segmentation)/FCN/CamVid/train/0001TP_010380.png,/content/drive/MyDrive/Thesis (Image Segmentation)/FCN/CamVid/train_labels_npy/0001TP_010380_L.npy
/content/drive/MyDrive/Thesis (Image Segmentation)/FCN/CamVid/train/0006R0_f01170.png,/content/drive/MyDrive/Thesis (Image Segmentation)/FCN/CamVid/train_labels_npy/0006R0_f01170_L.npy
/content/drive/MyDrive/Thesis (Image Segmentation)/FCN/CamVid/train/0006R0_f01830.png,/content/drive/MyDrive/Thesis (Image Segmentation)/FCN/CamVid/train_labels_npy/0006R0_f01830_L.npy
/content/drive/MyDrive/Thesis (Image Segmentation)/FCN/CamVid/train/0006R0_f01800.png,/content/drive/MyDrive/Thesis (Image Segmentation)/FCN/CamVid/train_labels_npy/0006R0_f01800_L.npy
/content/drive/MyDrive/Thesis (Image Segmentation)/FCN/CamVid/train/0006R0_f01110.png,/content/drive/MyDrive/Thesis (Image Segmentation)/FCN/CamVid/train_labels_npy/0006R0_f01110_L.npy
/content/drive/MyDrive/Thesis (Image Segmentation)/FCN/CamVid/train/0006R0_f01710.png,/content/drive/MyDrive/Thesis (Image Segmentation)/FCN/CamVid/train_labels_npy/0006R0_f01710_L.npy
/content/drive/MyDrive/Thesis (Image Segmentation)/FCN/CamVid/train/0006R0_f01530.png,/content/drive/MyDrive/Thesis (Image Segmentation)/FCN/CamVid/train_labels_npy/0006R0_f01530_L.npy
/content/drive/MyDrive/Thesis (Image Segmentation)/FCN/CamVid/train/0006R0_f02760.png,/content/drive/MyDrive/Thesis (Image Segmentation)/FCN/CamVid/train_labels_npy/0006R0_f02760_L.npy
/content/drive/MyDrive/Thesis (Image Segmentation)/FCN/CamVid/train/0006R0_f02370.png,/content/drive/MyDrive/Thesis (Image Segmentation)/FCN/CamVid/train_labels_npy/0006R0_f02370_L.npy
/content/drive/MyDrive/Thesis (Image Segmentation)/FCN/CamVid/train/0006R0_f02910.png,/content/drive/MyDrive/Thesis (Image Segmentation)/FCN/CamVid/train_labels_npy/0006R0_f02910_L.npy
/content/drive/MyDrive/Thesis (Image Segmentation)/FCN/CamVid/train/0006R0_f02310.png,/content/drive/MyDrive/Thesis (Image Segmentation)/FCN/CamVid/train_labels_npy/0006R0_f02310_L.npy
/content/drive/MyDrive/Thesis (Image Segmentation)/FCN/CamVid/train/0006R0_f02460.png,/content/drive/MyDrive/Thesis (Image Segmentation)/FCN/CamVid/train_labels_npy/0006R0_f02460_L.npy
/content/drive/MyDrive/Thesis (Image Segmentation)/FCN/CamVid/train/0006R0_f02070.png,/content/drive/MyDrive/Thesis (Image Segmentation)/FCN/CamVid/train_labels_npy/0006R0_f02070_L.npy
/content/drive/MyDrive/Thesis (Image Segmentation)/FCN/CamVid/train/0006R0_f02040.png,/content/drive/MyDrive/Thesis (Image Segmentation)/FCN/CamVid/train_labels_npy/0006R0_f02040_L.npy
/content/drive/MyDrive/Thesis (Image Segmentation)/FCN/CamVid/train/0006R0_f02340.png,/content/drive/MyDrive/Thesis (Image Segmentation)/FCN/CamVid/train_labels_npy/0006R0_f02340_L.npy
/content/drive/MyDrive/Thesis (Image Segmentation)/FCN/CamVid/train/0006R0_f02640.png,/content/drive/MyDrive/Thesis (Image Segmentation)/FCN/CamVid/train_labels_npy/0006R0_f02640_L.npy
/content/drive/MyDrive/Thesis (Image Segmentation)/FCN/CamVid/train/0006R0_f02400.png,/content/drive/MyDrive/Thesis (Image Segmentation)/FCN/CamVid/train_labels_npy/0006R0_f02400_L.npy
/content/drive/MyDrive/Thesis (Image Segmentation)/FCN/CamVid/train/0006R0_f03060.png,/content/drive/MyDrive/Thesis (Image Segmentation)/FCN/CamVid/train_labels_npy/0006R0_f03060_L.npy
/content/drive/MyDrive/Thesis (Image Segmentation)/FCN/CamVid/train/0006R0_f02130.png,/content/drive/MyDrive/Thesis (Image Segmentation)/FCN/CamVid/train_labels_npy/0006R0_f02130_L.npy
/content/drive/MyDrive/Thesis (Image Segmentation)/FCN/CamVid/train/0006R0_f02730.png,/content/drive/MyDrive/Thesis (Image Segmentation)/FCN/CamVid/train_labels_npy/0006R0_f02730_L.npy
/content/drive/MyDrive/Thesis (Image Segmentation)/FCN/CamVid/train/0006R0_f02970.png,/content/drive/MyDrive/Thesis (Image Segmentation)/FCN/CamVid/train_labels_npy/0006R0_f02970_L.npy
/content/drive/MyDrive/Thesis (Image Segmentation)/FCN/CamVid/train/0006R0_f02700.png,/content/drive/MyDrive/Thesis (Image Segmentation)/FCN/CamVid/train_labels_npy/0006R0_f02700_L.npy
/content/drive/MyDrive/Thesis (Image Segmentation)/FCN/CamVid/train/0006R0_f02940.png,/content/drive/MyDrive/Thesis (Image Segmentation)/FCN/CamVid/train_labels_npy/0006R0_f02940_L.npy
/content/drive/MyDrive/Thesis (Image Segmentation)/FCN/CamVid/train/0006R0_f02610.png,/content/drive/MyDrive/Thesis (Image Segmentation)/FCN/CamVid/train_labels_npy/0006R0_f02610_L.npy
/content/drive/MyDrive/Thesis (Image Segmentation)/FCN/CamVid/train/0006R0_f03000.png,/content/drive/MyDrive/Thesis (Image Segmentation)/FCN/CamVid/train_labels_npy/0006R0_f03000_L.npy
/content/drive/MyDrive/Thesis (Image Segmentation)/FCN/CamVid/train/0006R0_f03030.png,/content/drive/MyDrive/Thesis (Image Segmentation)/FCN/CamVid/train_labels_npy/0006R0_f03030_L.npy
/content/drive/MyDrive/Thesis (Image Segmentation)/FCN/CamVid/train/0006R0_f02430.png,/content/drive/MyDrive/Thesis (Image Segmentation)/FCN/CamVid/train_labels_npy/0006R0_f02430_L.npy
/content/drive/MyDrive/Thesis (Image Segmentation)/FCN/CamVid/train/0006R0_f02670.png,/content/drive/MyDrive/Thesis (Image Segmentation)/FCN/CamVid/train_labels_npy/0006R0_f02670_L.npy
/content/drive/MyDrive/Thesis (Image Segmentation)/FCN/CamVid/train/0006R0_f02160.png,/content/drive/MyDrive/Thesis (Image Segmentation)/FCN/CamVid/train_labels_npy/0006R0_f02160_L.npy
/content/drive/MyDrive/Thesis (Image Segmentation)/FCN/CamVid/train/0006R0_f02100.png,/content/drive/MyDrive/Thesis (Image Segmentation)/FCN/CamVid/train_labels_npy/0006R0_f02100_L.npy
/content/drive/MyDrive/Thesis (Image Segmentation)/FCN/CamVid/train/0006R0_f03270.png,/content/drive/MyDrive/Thesis (Image Segmentation)/FCN/CamVid/train_labels_npy/0006R0_f03270_L.npy
/content/drive/MyDrive/Thesis (Image Segmentation)/FCN/CamVid/train/0006R0_f03870.png,/content/drive/MyDrive/Thesis (Image Segmentation)/FCN/CamVid/train_labels_npy/0006R0_f03870_L.npy
/content/drive/MyDrive/Thesis (Image Segmentation)/FCN/CamVid/train/0006R0_f03630.png,/content/drive/MyDrive/Thesis (Image Segmentation)/FCN/CamVid/train_labels_npy/0006R0_f03630_L.npy
/content/drive/MyDrive/Thesis (Image Segmentation)/FCN/CamVid/train/0006R0_f03810.png,/content/drive/MyDrive/Thesis (Image Segmentation)/FCN/CamVid/train_labels_npy/0006R0_f03810_L.npy
/content/drive/MyDrive/Thesis (Image Segmentation)/FCN/CamVid/train/0016E5_00660.png,/content/drive/MyDrive/Thesis (Image Segmentation)/FCN/CamVid/train_labels_npy/0016E5_00660_L.npy
/content/drive/MyDrive/Thesis (Image Segmentation)/FCN/CamVid/train/0016E5_00570.png,/content/drive/MyDrive/Thesis (Image Segmentation)/FCN/CamVid/train_labels_npy/0016E5_00570_L.npy
/content/drive/MyDrive/Thesis (Image Segmentation)/FCN/CamVid/train/0006R0_f03330.png,/content/drive/MyDrive/Thesis (Image Segmentation)/FCN/CamVid/train_labels_npy/0006R0_f03330_L.npy
/content/drive/MyDrive/Thesis (Image Segmentation)/FCN/CamVid/train/0006R0_f03900.png,/content/drive/MyDrive/Thesis (Image Segmentation)/FCN/CamVid/train_labels_npy/0006R0_f03900_L.npy
/content/drive/MyDrive/Thesis (Image Segmentation)/FCN/CamVid/train/0006R0_f03510.png,/content/drive/MyDrive/Thesis (Image Segmentation)/FCN/CamVid/train_labels_npy/0006R0_f03510_L.npy
/content/drive/MyDrive/Thesis (Image Segmentation)/FCN/CamVid/train/0006R0_f03240.png,/content/drive/MyDrive/Thesis (Image Segmentation)/FCN/CamVid/train_labels_npy/0006R0_f03240_L.npy
/content/drive/MyDrive/Thesis (Image Segmentation)/FCN/CamVid/train/0006R0_f03930.png,/content/drive/MyDrive/Thesis (Image Segmentation)/FCN/CamVid/train_labels_npy/0006R0_f03930_L.npy
/content/drive/MyDrive/Thesis (Image Segmentation)/FCN/CamVid/train/0016E5_00540.png,/content/drive/MyDrive/Thesis (Image Segmentation)/FCN/CamVid/train_labels_npy/0016E5_00540_L.npy
/content/drive/MyDrive/Thesis (Image Segmentation)/FCN/CamVid/train/0016E5_00630.png,/content/drive/MyDrive/Thesis (Image Segmentation)/FCN/CamVid/train_labels_npy/0016E5_00630_L.npy
/content/drive/MyDrive/Thesis (Image Segmentation)/FCN/CamVid/train/0006R0_f03570.png,/content/drive/MyDrive/Thesis (Image Segmentation)/FCN/CamVid/train_labels_npy/0006R0_f03570_L.npy
/content/drive/MyDrive/Thesis (Image Segmentation)/FCN/CamVid/train/0006R0_f03660.png,/content/drive/MyDrive/Thesis (Image Segmentation)/FCN/CamVid/train_labels_npy/0006R0_f03660_L.npy
/content/drive/MyDrive/Thesis (Image Segmentation)/FCN/CamVid/train/0006R0_f03360.png,/content/drive/MyDrive/Thesis (Image Segmentation)/FCN/CamVid/train_labels_npy/0006R0_f03360_L.npy
/content/drive/MyDrive/Thesis (Image Segmentation)/FCN/CamVid/train/0006R0_f03210.png,/content/drive/MyDrive/Thesis (Image Segmentation)/FCN/CamVid/train_labels_npy/0006R0_f03210_L.npy
/content/drive/MyDrive/Thesis (Image Segmentation)/FCN/CamVid/train/0006R0_f03600.png,/content/drive/MyDrive/Thesis (Image Segmentation)/FCN/CamVid/train_labels_npy/0006R0_f03600_L.npy
/content/drive/MyDrive/Thesis (Image Segmentation)/FCN/CamVid/train/0006R0_f03840.png,/content/drive/MyDrive/Thesis (Image Segmentation)/FCN/CamVid/train_labels_npy/0006R0_f03840_L.npy
/content/drive/MyDrive/Thesis (Image Segmentation)/FCN/CamVid/train/0006R0_f03300.png,/content/drive/MyDrive/Thesis (Image Segmentation)/FCN/CamVid/train_labels_npy/0006R0_f03300_L.npy
/content/drive/MyDrive/Thesis (Image Segmentation)/FCN/CamVid/train/0016E5_00390.png,/content/drive/MyDrive/Thesis (Image Segmentation)/FCN/CamVid/train_labels_npy/0016E5_00390_L.npy
/content/drive/MyDrive/Thesis (Image Segmentation)/FCN/CamVid/train/0016E5_00600.png,/content/drive/MyDrive/Thesis (Image Segmentation)/FCN/CamVid/train_labels_npy/0016E5_00600_L.npy
/content/drive/MyDrive/Thesis (Image Segmentation)/FCN/CamVid/train/0006R0_f03540.png,/content/drive/MyDrive/Thesis (Image Segmentation)/FCN/CamVid/train_labels_npy/0006R0_f03540_L.npy
/content/drive/MyDrive/Thesis (Image Segmentation)/FCN/CamVid/train/0016E5_00930.png,/content/drive/MyDrive/Thesis (Image Segmentation)/FCN/CamVid/train_labels_npy/0016E5_00930_L.npy
/content/drive/MyDrive/Thesis (Image Segmentation)/FCN/CamVid/train/0016E5_00840.png,/content/drive/MyDrive/Thesis (Image Segmentation)/FCN/CamVid/train_labels_npy/0016E5_00840_L.npy
/content/drive/MyDrive/Thesis (Image Segmentation)/FCN/CamVid/train/0016E5_01170.png,/content/drive/MyDrive/Thesis (Image Segmentation)/FCN/CamVid/train_labels_npy/0016E5_01170_L.npy
/content/drive/MyDrive/Thesis (Image Segmentation)/FCN/CamVid/train/0016E5_00690.png,/content/drive/MyDrive/Thesis (Image Segmentation)/FCN/CamVid/train_labels_npy/0016E5_00690_L.npy
/content/drive/MyDrive/Thesis (Image Segmentation)/FCN/CamVid/train/0016E5_01560.png,/content/drive/MyDrive/Thesis (Image Segmentation)/FCN/CamVid/train_labels_npy/0016E5_01560_L.npy
/content/drive/MyDrive/Thesis (Image Segmentation)/FCN/CamVid/train/0016E5_01590.png,/content/drive/MyDrive/Thesis (Image Segmentation)/FCN/CamVid/train_labels_npy/0016E5_01590_L.npy
/content/drive/MyDrive/Thesis (Image Segmentation)/FCN/CamVid/train/0016E5_01500.png,/content/drive/MyDrive/Thesis (Image Segmentation)/FCN/CamVid/train_labels_npy/0016E5_01500_L.npy
/content/drive/MyDrive/Thesis (Image Segmentation)/FCN/CamVid/train/0016E5_01860.png,/content/drive/MyDrive/Thesis (Image Segmentation)/FCN/CamVid/train_labels_npy/0016E5_01860_L.npy
/content/drive/MyDrive/Thesis (Image Segmentation)/FCN/CamVid/train/0016E5_01290.png,/content/drive/MyDrive/Thesis (Image Segmentation)/FCN/CamVid/train_labels_npy/0016E5_01290_L.npy
/content/drive/MyDrive/Thesis (Image Segmentation)/FCN/CamVid/train/0016E5_00990.png,/content/drive/MyDrive/Thesis (Image Segmentation)/FCN/CamVid/train_labels_npy/0016E5_00990_L.npy
/content/drive/MyDrive/Thesis (Image Segmentation)/FCN/CamVid/train/0016E5_01470.png,/content/drive/MyDrive/Thesis (Image Segmentation)/FCN/CamVid/train_labels_npy/0016E5_01470_L.npy
/content/drive/MyDrive/Thesis (Image Segmentation)/FCN/CamVid/train/0016E5_01770.png,/content/drive/MyDrive/Thesis (Image Segmentation)/FCN/CamVid/train_labels_npy/0016E5_01770_L.npy
/content/drive/MyDrive/Thesis (Image Segmentation)/FCN/CamVid/train/0016E5_00960.png,/content/drive/MyDrive/Thesis (Image Segmentation)/FCN/CamVid/train_labels_npy/0016E5_00960_L.npy
/content/drive/MyDrive/Thesis (Image Segmentation)/FCN/CamVid/train/0016E5_01830.png,/content/drive/MyDrive/Thesis (Image Segmentation)/FCN/CamVid/train_labels_npy/0016E5_01830_L.npy
/content/drive/MyDrive/Thesis (Image Segmentation)/FCN/CamVid/train/0016E5_01230.png,/content/drive/MyDrive/Thesis (Image Segmentation)/FCN/CamVid/train_labels_npy/0016E5_01230_L.npy
/content/drive/MyDrive/Thesis (Image Segmentation)/FCN/CamVid/train/0016E5_01890.png,/content/drive/MyDrive/Thesis (Image Segmentation)/FCN/CamVid/train_labels_npy/0016E5_01890_L.npy
/content/drive/MyDrive/Thesis (Image Segmentation)/FCN/CamVid/train/0016E5_00901.png,/content/drive/MyDrive/Thesis (Image Segmentation)/FCN/CamVid/train_labels_npy/0016E5_00901_L.npy
/content/drive/MyDrive/Thesis (Image Segmentation)/FCN/CamVid/train/0016E5_01140.png,/content/drive/MyDrive/Thesis (Image Segmentation)/FCN/CamVid/train_labels_npy/0016E5_01140_L.npy
/content/drive/MyDrive/Thesis (Image Segmentation)/FCN/CamVid/train/0016E5_01740.png,/content/drive/MyDrive/Thesis (Image Segmentation)/FCN/CamVid/train_labels_npy/0016E5_01740_L.npy
/content/drive/MyDrive/Thesis (Image Segmentation)/FCN/CamVid/train/0016E5_00870.png,/content/drive/MyDrive/Thesis (Image Segmentation)/FCN/CamVid/train_labels_npy/0016E5_00870_L.npy
/content/drive/MyDrive/Thesis (Image Segmentation)/FCN/CamVid/train/0016E5_01200.png,/content/drive/MyDrive/Thesis (Image Segmentation)/FCN/CamVid/train_labels_npy/0016E5_01200_L.npy
/content/drive/MyDrive/Thesis (Image Segmentation)/FCN/CamVid/train/0016E5_01440.png,/content/drive/MyDrive/Thesis (Image Segmentation)/FCN/CamVid/train_labels_npy/0016E5_01440_L.npy
/content/drive/MyDrive/Thesis (Image Segmentation)/FCN/CamVid/train/0016E5_01530.png,/content/drive/MyDrive/Thesis (Image Segmentation)/FCN/CamVid/train_labels_npy/0016E5_01530_L.npy
/content/drive/MyDrive/Thesis (Image Segmentation)/FCN/CamVid/train/0016E5_01260.png,/content/drive/MyDrive/Thesis (Image Segmentation)/FCN/CamVid/train_labels_npy/0016E5_01260_L.npy
/content/drive/MyDrive/Thesis (Image Segmentation)/FCN/CamVid/train/0016E5_01800.png,/content/drive/MyDrive/Thesis (Image Segmentation)/FCN/CamVid/train_labels_npy/0016E5_01800_L.npy
/content/drive/MyDrive/Thesis (Image Segmentation)/FCN/CamVid/train/0016E5_04980.png,/content/drive/MyDrive/Thesis (Image Segmentation)/FCN/CamVid/train_labels_npy/0016E5_04980_L.npy
/content/drive/MyDrive/Thesis (Image Segmentation)/FCN/CamVid/train/0016E5_02400.png,/content/drive/MyDrive/Thesis (Image Segmentation)/FCN/CamVid/train_labels_npy/0016E5_02400_L.npy
/content/drive/MyDrive/Thesis (Image Segmentation)/FCN/CamVid/train/0016E5_02040.png,/content/drive/MyDrive/Thesis (Image Segmentation)/FCN/CamVid/train_labels_npy/0016E5_02040_L.npy
/content/drive/MyDrive/Thesis (Image Segmentation)/FCN/CamVid/train/0016E5_04650.png,/content/drive/MyDrive/Thesis (Image Segmentation)/FCN/CamVid/train_labels_npy/0016E5_04650_L.npy
/content/drive/MyDrive/Thesis (Image Segmentation)/FCN/CamVid/train/0016E5_02130.png,/content/drive/MyDrive/Thesis (Image Segmentation)/FCN/CamVid/train_labels_npy/0016E5_02130_L.npy
/content/drive/MyDrive/Thesis (Image Segmentation)/FCN/CamVid/train/0016E5_04590.png,/content/drive/MyDrive/Thesis (Image Segmentation)/FCN/CamVid/train_labels_npy/0016E5_04590_L.npy
/content/drive/MyDrive/Thesis (Image Segmentation)/FCN/CamVid/train/0016E5_04380.png,/content/drive/MyDrive/Thesis (Image Segmentation)/FCN/CamVid/train_labels_npy/0016E5_04380_L.npy
/content/drive/MyDrive/Thesis (Image Segmentation)/FCN/CamVid/train/0016E5_04710.png,/content/drive/MyDrive/Thesis (Image Segmentation)/FCN/CamVid/train_labels_npy/0016E5_04710_L.npy
/content/drive/MyDrive/Thesis (Image Segmentation)/FCN/CamVid/train/0016E5_02340.png,/content/drive/MyDrive/Thesis (Image Segmentation)/FCN/CamVid/train_labels_npy/0016E5_02340_L.npy
/content/drive/MyDrive/Thesis (Image Segmentation)/FCN/CamVid/train/0016E5_04860.png,/content/drive/MyDrive/Thesis (Image Segmentation)/FCN/CamVid/train_labels_npy/0016E5_04860_L.npy
/content/drive/MyDrive/Thesis (Image Segmentation)/FCN/CamVid/train/0016E5_02190.png,/content/drive/MyDrive/Thesis (Image Segmentation)/FCN/CamVid/train_labels_npy/0016E5_02190_L.npy
/content/drive/MyDrive/Thesis (Image Segmentation)/FCN/CamVid/train/0016E5_04350.png,/content/drive/MyDrive/Thesis (Image Segmentation)/FCN/CamVid/train_labels_npy/0016E5_04350_L.npy
/content/drive/MyDrive/Thesis (Image Segmentation)/FCN/CamVid/train/0016E5_04920.png,/content/drive/MyDrive/Thesis (Image Segmentation)/FCN/CamVid/train_labels_npy/0016E5_04920_L.npy
/content/drive/MyDrive/Thesis (Image Segmentation)/FCN/CamVid/train/0016E5_02070.png,/content/drive/MyDrive/Thesis (Image Segmentation)/FCN/CamVid/train_labels_npy/0016E5_02070_L.npy
/content/drive/MyDrive/Thesis (Image Segmentation)/FCN/CamVid/train/0016E5_05010.png,/content/drive/MyDrive/Thesis (Image Segmentation)/FCN/CamVid/train_labels_npy/0016E5_05010_L.npy
/content/drive/MyDrive/Thesis (Image Segmentation)/FCN/CamVid/train/0016E5_04410.png,/content/drive/MyDrive/Thesis (Image Segmentation)/FCN/CamVid/train_labels_npy/0016E5_04410_L.npy
/content/drive/MyDrive/Thesis (Image Segmentation)/FCN/CamVid/train/0016E5_04560.png,/content/drive/MyDrive/Thesis (Image Segmentation)/FCN/CamVid/train_labels_npy/0016E5_04560_L.npy
/content/drive/MyDrive/Thesis (Image Segmentation)/FCN/CamVid/train/0016E5_04950.png,/content/drive/MyDrive/Thesis (Image Segmentation)/FCN/CamVid/train_labels_npy/0016E5_04950_L.npy
/content/drive/MyDrive/Thesis (Image Segmentation)/FCN/CamVid/train/0016E5_04620.png,/content/drive/MyDrive/Thesis (Image Segmentation)/FCN/CamVid/train_labels_npy/0016E5_04620_L.npy
/content/drive/MyDrive/Thesis (Image Segmentation)/FCN/CamVid/train/0016E5_04890.png,/content/drive/MyDrive/Thesis (Image Segmentation)/FCN/CamVid/train_labels_npy/0016E5_04890_L.npy
/content/drive/MyDrive/Thesis (Image Segmentation)/FCN/CamVid/train/0016E5_04680.png,/content/drive/MyDrive/Thesis (Image Segmentation)/FCN/CamVid/train_labels_npy/0016E5_04680_L.npy
/content/drive/MyDrive/Thesis (Image Segmentation)/FCN/CamVid/train/0016E5_02160.png,/content/drive/MyDrive/Thesis (Image Segmentation)/FCN/CamVid/train_labels_npy/0016E5_02160_L.npy
/content/drive/MyDrive/Thesis (Image Segmentation)/FCN/CamVid/train/0016E5_02100.png,/content/drive/MyDrive/Thesis (Image Segmentation)/FCN/CamVid/train_labels_npy/0016E5_02100_L.npy
/content/drive/MyDrive/Thesis (Image Segmentation)/FCN/CamVid/train/0016E5_02370.png,/content/drive/MyDrive/Thesis (Image Segmentation)/FCN/CamVid/train_labels_npy/0016E5_02370_L.npy
/content/drive/MyDrive/Thesis (Image Segmentation)/FCN/CamVid/train/0016E5_05580.png,/content/drive/MyDrive/Thesis (Image Segmentation)/FCN/CamVid/train_labels_npy/0016E5_05580_L.npy
/content/drive/MyDrive/Thesis (Image Segmentation)/FCN/CamVid/train/0016E5_05490.png,/content/drive/MyDrive/Thesis (Image Segmentation)/FCN/CamVid/train_labels_npy/0016E5_05490_L.npy
/content/drive/MyDrive/Thesis (Image Segmentation)/FCN/CamVid/train/0016E5_06120.png,/content/drive/MyDrive/Thesis (Image Segmentation)/FCN/CamVid/train_labels_npy/0016E5_06120_L.npy
/content/drive/MyDrive/Thesis (Image Segmentation)/FCN/CamVid/train/0016E5_05610.png,/content/drive/MyDrive/Thesis (Image Segmentation)/FCN/CamVid/train_labels_npy/0016E5_05610_L.npy
/content/drive/MyDrive/Thesis (Image Segmentation)/FCN/CamVid/train/0016E5_06360.png,/content/drive/MyDrive/Thesis (Image Segmentation)/FCN/CamVid/train_labels_npy/0016E5_06360_L.npy
/content/drive/MyDrive/Thesis (Image Segmentation)/FCN/CamVid/train/0016E5_05520.png,/content/drive/MyDrive/Thesis (Image Segmentation)/FCN/CamVid/train_labels_npy/0016E5_05520_L.npy
/content/drive/MyDrive/Thesis (Image Segmentation)/FCN/CamVid/train/0016E5_06090.png,/content/drive/MyDrive/Thesis (Image Segmentation)/FCN/CamVid/train_labels_npy/0016E5_06090_L.npy
/content/drive/MyDrive/Thesis (Image Segmentation)/FCN/CamVid/train/0016E5_05820.png,/content/drive/MyDrive/Thesis (Image Segmentation)/FCN/CamVid/train_labels_npy/0016E5_05820_L.npy
/content/drive/MyDrive/Thesis (Image Segmentation)/FCN/CamVid/train/0016E5_05250.png,/content/drive/MyDrive/Thesis (Image Segmentation)/FCN/CamVid/train_labels_npy/0016E5_05250_L.npy
/content/drive/MyDrive/Thesis (Image Segmentation)/FCN/CamVid/train/0016E5_06150.png,/content/drive/MyDrive/Thesis (Image Segmentation)/FCN/CamVid/train_labels_npy/0016E5_06150_L.npy
/content/drive/MyDrive/Thesis (Image Segmentation)/FCN/CamVid/train/0016E5_05310.png,/content/drive/MyDrive/Thesis (Image Segmentation)/FCN/CamVid/train_labels_npy/0016E5_05310_L.npy
/content/drive/MyDrive/Thesis (Image Segmentation)/FCN/CamVid/train/0016E5_05160.png,/content/drive/MyDrive/Thesis (Image Segmentation)/FCN/CamVid/train_labels_npy/0016E5_05160_L.npy
/content/drive/MyDrive/Thesis (Image Segmentation)/FCN/CamVid/train/0016E5_06180.png,/content/drive/MyDrive/Thesis (Image Segmentation)/FCN/CamVid/train_labels_npy/0016E5_06180_L.npy
/content/drive/MyDrive/Thesis (Image Segmentation)/FCN/CamVid/train/0016E5_05850.png,/content/drive/MyDrive/Thesis (Image Segmentation)/FCN/CamVid/train_labels_npy/0016E5_05850_L.npy
/content/drive/MyDrive/Thesis (Image Segmentation)/FCN/CamVid/train/0016E5_05280.png,/content/drive/MyDrive/Thesis (Image Segmentation)/FCN/CamVid/train_labels_npy/0016E5_05280_L.npy
/content/drive/MyDrive/Thesis (Image Segmentation)/FCN/CamVid/train/0016E5_06060.png,/content/drive/MyDrive/Thesis (Image Segmentation)/FCN/CamVid/train_labels_npy/0016E5_06060_L.npy
/content/drive/MyDrive/Thesis (Image Segmentation)/FCN/CamVid/train/0016E5_05910.png,/content/drive/MyDrive/Thesis (Image Segmentation)/FCN/CamVid/train_labels_npy/0016E5_05910_L.npy
/content/drive/MyDrive/Thesis (Image Segmentation)/FCN/CamVid/train/0016E5_05550.png,/content/drive/MyDrive/Thesis (Image Segmentation)/FCN/CamVid/train_labels_npy/0016E5_05550_L.npy
/content/drive/MyDrive/Thesis (Image Segmentation)/FCN/CamVid/train/0016E5_05460.png,/content/drive/MyDrive/Thesis (Image Segmentation)/FCN/CamVid/train_labels_npy/0016E5_05460_L.npy
/content/drive/MyDrive/Thesis (Image Segmentation)/FCN/CamVid/train/0016E5_05190.png,/content/drive/MyDrive/Thesis (Image Segmentation)/FCN/CamVid/train_labels_npy/0016E5_05190_L.npy
/content/drive/MyDrive/Thesis (Image Segmentation)/FCN/CamVid/train/0016E5_05790.png,/content/drive/MyDrive/Thesis (Image Segmentation)/FCN/CamVid/train_labels_npy/0016E5_05790_L.npy
/content/drive/MyDrive/Thesis (Image Segmentation)/FCN/CamVid/train/0016E5_05760.png,/content/drive/MyDrive/Thesis (Image Segmentation)/FCN/CamVid/train_labels_npy/0016E5_05760_L.npy
/content/drive/MyDrive/Thesis (Image Segmentation)/FCN/CamVid/train/0016E5_06210.png,/content/drive/MyDrive/Thesis (Image Segmentation)/FCN/CamVid/train_labels_npy/0016E5_06210_L.npy
/content/drive/MyDrive/Thesis (Image Segmentation)/FCN/CamVid/train/0016E5_05220.png,/content/drive/MyDrive/Thesis (Image Segmentation)/FCN/CamVid/train_labels_npy/0016E5_05220_L.npy
/content/drive/MyDrive/Thesis (Image Segmentation)/FCN/CamVid/train/0016E5_05880.png,/content/drive/MyDrive/Thesis (Image Segmentation)/FCN/CamVid/train_labels_npy/0016E5_05880_L.npy
/content/drive/MyDrive/Thesis (Image Segmentation)/FCN/CamVid/train/0016E5_06390.png,/content/drive/MyDrive/Thesis (Image Segmentation)/FCN/CamVid/train_labels_npy/0016E5_06390_L.npy
/content/drive/MyDrive/Thesis (Image Segmentation)/FCN/CamVid/train/0016E5_07290.png,/content/drive/MyDrive/Thesis (Image Segmentation)/FCN/CamVid/train_labels_npy/0016E5_07290_L.npy
/content/drive/MyDrive/Thesis (Image Segmentation)/FCN/CamVid/train/0016E5_07380.png,/content/drive/MyDrive/Thesis (Image Segmentation)/FCN/CamVid/train_labels_npy/0016E5_07380_L.npy
/content/drive/MyDrive/Thesis (Image Segmentation)/FCN/CamVid/train/0016E5_07560.png,/content/drive/MyDrive/Thesis (Image Segmentation)/FCN/CamVid/train_labels_npy/0016E5_07560_L.npy
/content/drive/MyDrive/Thesis (Image Segmentation)/FCN/CamVid/train/0016E5_07110.png,/content/drive/MyDrive/Thesis (Image Segmentation)/FCN/CamVid/train_labels_npy/0016E5_07110_L.npy
/content/drive/MyDrive/Thesis (Image Segmentation)/FCN/CamVid/train/0016E5_07320.png,/content/drive/MyDrive/Thesis (Image Segmentation)/FCN/CamVid/train_labels_npy/0016E5_07320_L.npy
/content/drive/MyDrive/Thesis (Image Segmentation)/FCN/CamVid/train/0016E5_06960.png,/content/drive/MyDrive/Thesis (Image Segmentation)/FCN/CamVid/train_labels_npy/0016E5_06960_L.npy
/content/drive/MyDrive/Thesis (Image Segmentation)/FCN/CamVid/train/0016E5_06450.png,/content/drive/MyDrive/Thesis (Image Segmentation)/FCN/CamVid/train_labels_npy/0016E5_06450_L.npy
/content/drive/MyDrive/Thesis (Image Segmentation)/FCN/CamVid/train/0016E5_07020.png,/content/drive/MyDrive/Thesis (Image Segmentation)/FCN/CamVid/train_labels_npy/0016E5_07020_L.npy
/content/drive/MyDrive/Thesis (Image Segmentation)/FCN/CamVid/train/0016E5_06810.png,/content/drive/MyDrive/Thesis (Image Segmentation)/FCN/CamVid/train_labels_npy/0016E5_06810_L.npy
/content/drive/MyDrive/Thesis (Image Segmentation)/FCN/CamVid/train/0016E5_06720.png,/content/drive/MyDrive/Thesis (Image Segmentation)/FCN/CamVid/train_labels_npy/0016E5_06720_L.npy
/content/drive/MyDrive/Thesis (Image Segmentation)/FCN/CamVid/train/0016E5_07260.png,/content/drive/MyDrive/Thesis (Image Segmentation)/FCN/CamVid/train_labels_npy/0016E5_07260_L.npy
/content/drive/MyDrive/Thesis (Image Segmentation)/FCN/CamVid/train/0016E5_06690.png,/content/drive/MyDrive/Thesis (Image Segmentation)/FCN/CamVid/train_labels_npy/0016E5_06690_L.npy
/content/drive/MyDrive/Thesis (Image Segmentation)/FCN/CamVid/train/0016E5_07410.png,/content/drive/MyDrive/Thesis (Image Segmentation)/FCN/CamVid/train_labels_npy/0016E5_07410_L.npy
/content/drive/MyDrive/Thesis (Image Segmentation)/FCN/CamVid/train/0016E5_06750.png,/content/drive/MyDrive/Thesis (Image Segmentation)/FCN/CamVid/train_labels_npy/0016E5_06750_L.npy
/content/drive/MyDrive/Thesis (Image Segmentation)/FCN/CamVid/train/0016E5_06660.png,/content/drive/MyDrive/Thesis (Image Segmentation)/FCN/CamVid/train_labels_npy/0016E5_06660_L.npy
/content/drive/MyDrive/Thesis (Image Segmentation)/FCN/CamVid/train/0016E5_07080.png,/content/drive/MyDrive/Thesis (Image Segmentation)/FCN/CamVid/train_labels_npy/0016E5_07080_L.npy
/content/drive/MyDrive/Thesis (Image Segmentation)/FCN/CamVid/train/0016E5_06420.png,/content/drive/MyDrive/Thesis (Image Segmentation)/FCN/CamVid/train_labels_npy/0016E5_06420_L.npy
/content/drive/MyDrive/Thesis (Image Segmentation)/FCN/CamVid/train/0016E5_07350.png,/content/drive/MyDrive/Thesis (Image Segmentation)/FCN/CamVid/train_labels_npy/0016E5_07350_L.npy
/content/drive/MyDrive/Thesis (Image Segmentation)/FCN/CamVid/train/0016E5_06780.png,/content/drive/MyDrive/Thesis (Image Segmentation)/FCN/CamVid/train_labels_npy/0016E5_06780_L.npy
/content/drive/MyDrive/Thesis (Image Segmentation)/FCN/CamVid/train/0016E5_06510.png,/content/drive/MyDrive/Thesis (Image Segmentation)/FCN/CamVid/train_labels_npy/0016E5_06510_L.npy
/content/drive/MyDrive/Thesis (Image Segmentation)/FCN/CamVid/train/0016E5_07590.png,/content/drive/MyDrive/Thesis (Image Segmentation)/FCN/CamVid/train_labels_npy/0016E5_07590_L.npy
/content/drive/MyDrive/Thesis (Image Segmentation)/FCN/CamVid/train/0016E5_06990.png,/content/drive/MyDrive/Thesis (Image Segmentation)/FCN/CamVid/train_labels_npy/0016E5_06990_L.npy
/content/drive/MyDrive/Thesis (Image Segmentation)/FCN/CamVid/train/0016E5_06480.png,/content/drive/MyDrive/Thesis (Image Segmentation)/FCN/CamVid/train_labels_npy/0016E5_06480_L.npy
/content/drive/MyDrive/Thesis (Image Segmentation)/FCN/CamVid/train/0016E5_07050.png,/content/drive/MyDrive/Thesis (Image Segmentation)/FCN/CamVid/train_labels_npy/0016E5_07050_L.npy
/content/drive/MyDrive/Thesis (Image Segmentation)/FCN/CamVid/train/0016E5_07997.png,/content/drive/MyDrive/Thesis (Image Segmentation)/FCN/CamVid/train_labels_npy/0016E5_07997_L.npy
/content/drive/MyDrive/Thesis (Image Segmentation)/FCN/CamVid/train/0016E5_07995.png,/content/drive/MyDrive/Thesis (Image Segmentation)/FCN/CamVid/train_labels_npy/0016E5_07995_L.npy
/content/drive/MyDrive/Thesis (Image Segmentation)/FCN/CamVid/train/0016E5_07979.png,/content/drive/MyDrive/Thesis (Image Segmentation)/FCN/CamVid/train_labels_npy/0016E5_07979_L.npy
/content/drive/MyDrive/Thesis (Image Segmentation)/FCN/CamVid/train/0016E5_07959.png,/content/drive/MyDrive/Thesis (Image Segmentation)/FCN/CamVid/train_labels_npy/0016E5_07959_L.npy
/content/drive/MyDrive/Thesis (Image Segmentation)/FCN/CamVid/train/0016E5_08001.png,/content/drive/MyDrive/Thesis (Image Segmentation)/FCN/CamVid/train_labels_npy/0016E5_08001_L.npy
/content/drive/MyDrive/Thesis (Image Segmentation)/FCN/CamVid/train/0016E5_07961.png,/content/drive/MyDrive/Thesis (Image Segmentation)/FCN/CamVid/train_labels_npy/0016E5_07961_L.npy
/content/drive/MyDrive/Thesis (Image Segmentation)/FCN/CamVid/train/0016E5_08003.png,/content/drive/MyDrive/Thesis (Image Segmentation)/FCN/CamVid/train_labels_npy/0016E5_08003_L.npy
/content/drive/MyDrive/Thesis (Image Segmentation)/FCN/CamVid/train/0016E5_07999.png,/content/drive/MyDrive/Thesis (Image Segmentation)/FCN/CamVid/train_labels_npy/0016E5_07999_L.npy
/content/drive/MyDrive/Thesis (Image Segmentation)/FCN/CamVid/train/0016E5_07920.png,/content/drive/MyDrive/Thesis (Image Segmentation)/FCN/CamVid/train_labels_npy/0016E5_07920_L.npy
/content/drive/MyDrive/Thesis (Image Segmentation)/FCN/CamVid/train/0016E5_07620.png,/content/drive/MyDrive/Thesis (Image Segmentation)/FCN/CamVid/train_labels_npy/0016E5_07620_L.npy
/content/drive/MyDrive/Thesis (Image Segmentation)/FCN/CamVid/train/0016E5_07890.png,/content/drive/MyDrive/Thesis (Image Segmentation)/FCN/CamVid/train_labels_npy/0016E5_07890_L.npy
/content/drive/MyDrive/Thesis (Image Segmentation)/FCN/CamVid/train/0016E5_07963.png,/content/drive/MyDrive/Thesis (Image Segmentation)/FCN/CamVid/train_labels_npy/0016E5_07963_L.npy
/content/drive/MyDrive/Thesis (Image Segmentation)/FCN/CamVid/train/0016E5_07680.png,/content/drive/MyDrive/Thesis (Image Segmentation)/FCN/CamVid/train_labels_npy/0016E5_07680_L.npy
/content/drive/MyDrive/Thesis (Image Segmentation)/FCN/CamVid/train/0016E5_07860.png,/content/drive/MyDrive/Thesis (Image Segmentation)/FCN/CamVid/train_labels_npy/0016E5_07860_L.npy
/content/drive/MyDrive/Thesis (Image Segmentation)/FCN/CamVid/train/0016E5_08013.png,/content/drive/MyDrive/Thesis (Image Segmentation)/FCN/CamVid/train_labels_npy/0016E5_08013_L.npy
/content/drive/MyDrive/Thesis (Image Segmentation)/FCN/CamVid/train/0016E5_07973.png,/content/drive/MyDrive/Thesis (Image Segmentation)/FCN/CamVid/train_labels_npy/0016E5_07973_L.npy
/content/drive/MyDrive/Thesis (Image Segmentation)/FCN/CamVid/train/0016E5_07981.png,/content/drive/MyDrive/Thesis (Image Segmentation)/FCN/CamVid/train_labels_npy/0016E5_07981_L.npy
/content/drive/MyDrive/Thesis (Image Segmentation)/FCN/CamVid/train/0016E5_07993.png,/content/drive/MyDrive/Thesis (Image Segmentation)/FCN/CamVid/train_labels_npy/0016E5_07993_L.npy
/content/drive/MyDrive/Thesis (Image Segmentation)/FCN/CamVid/train/0016E5_07975.png,/content/drive/MyDrive/Thesis (Image Segmentation)/FCN/CamVid/train_labels_npy/0016E5_07975_L.npy
/content/drive/MyDrive/Thesis (Image Segmentation)/FCN/CamVid/train/0016E5_07977.png,/content/drive/MyDrive/Thesis (Image Segmentation)/FCN/CamVid/train_labels_npy/0016E5_07977_L.npy
/content/drive/MyDrive/Thesis (Image Segmentation)/FCN/CamVid/train/0016E5_07650.png,/content/drive/MyDrive/Thesis (Image Segmentation)/FCN/CamVid/train_labels_npy/0016E5_07650_L.npy
/content/drive/MyDrive/Thesis (Image Segmentation)/FCN/CamVid/train/0016E5_07983.png,/content/drive/MyDrive/Thesis (Image Segmentation)/FCN/CamVid/train_labels_npy/0016E5_07983_L.npy
/content/drive/MyDrive/Thesis (Image Segmentation)/FCN/CamVid/train/0016E5_07710.png,/content/drive/MyDrive/Thesis (Image Segmentation)/FCN/CamVid/train_labels_npy/0016E5_07710_L.npy
/content/drive/MyDrive/Thesis (Image Segmentation)/FCN/CamVid/train/0016E5_08037.png,/content/drive/MyDrive/Thesis (Image Segmentation)/FCN/CamVid/train_labels_npy/0016E5_08037_L.npy
/content/drive/MyDrive/Thesis (Image Segmentation)/FCN/CamVid/train/0016E5_08021.png,/content/drive/MyDrive/Thesis (Image Segmentation)/FCN/CamVid/train_labels_npy/0016E5_08021_L.npy
/content/drive/MyDrive/Thesis (Image Segmentation)/FCN/CamVid/train/0016E5_08061.png,/content/drive/MyDrive/Thesis (Image Segmentation)/FCN/CamVid/train_labels_npy/0016E5_08061_L.npy
/content/drive/MyDrive/Thesis (Image Segmentation)/FCN/CamVid/train/0016E5_08063.png,/content/drive/MyDrive/Thesis (Image Segmentation)/FCN/CamVid/train_labels_npy/0016E5_08063_L.npy
/content/drive/MyDrive/Thesis (Image Segmentation)/FCN/CamVid/train/0016E5_08075.png,/content/drive/MyDrive/Thesis (Image Segmentation)/FCN/CamVid/train_labels_npy/0016E5_08075_L.npy
/content/drive/MyDrive/Thesis (Image Segmentation)/FCN/CamVid/train/0016E5_08053.png,/content/drive/MyDrive/Thesis (Image Segmentation)/FCN/CamVid/train_labels_npy/0016E5_08053_L.npy
/content/drive/MyDrive/Thesis (Image Segmentation)/FCN/CamVid/train/0016E5_08073.png,/content/drive/MyDrive/Thesis (Image Segmentation)/FCN/CamVid/train_labels_npy/0016E5_08073_L.npy
/content/drive/MyDrive/Thesis (Image Segmentation)/FCN/CamVid/train/0016E5_08039.png,/content/drive/MyDrive/Thesis (Image Segmentation)/FCN/CamVid/train_labels_npy/0016E5_08039_L.npy
/content/drive/MyDrive/Thesis (Image Segmentation)/FCN/CamVid/train/0016E5_08077.png,/content/drive/MyDrive/Thesis (Image Segmentation)/FCN/CamVid/train_labels_npy/0016E5_08077_L.npy
/content/drive/MyDrive/Thesis (Image Segmentation)/FCN/CamVid/train/0016E5_08079.png,/content/drive/MyDrive/Thesis (Image Segmentation)/FCN/CamVid/train_labels_npy/0016E5_08079_L.npy
/content/drive/MyDrive/Thesis (Image Segmentation)/FCN/CamVid/train/0016E5_08059.png,/content/drive/MyDrive/Thesis (Image Segmentation)/FCN/CamVid/train_labels_npy/0016E5_08059_L.npy
/content/drive/MyDrive/Thesis (Image Segmentation)/FCN/CamVid/train/0016E5_08023.png,/content/drive/MyDrive/Thesis (Image Segmentation)/FCN/CamVid/train_labels_npy/0016E5_08023_L.npy
/content/drive/MyDrive/Thesis (Image Segmentation)/FCN/CamVid/train/0016E5_08055.png,/content/drive/MyDrive/Thesis (Image Segmentation)/FCN/CamVid/train_labels_npy/0016E5_08055_L.npy
/content/drive/MyDrive/Thesis (Image Segmentation)/FCN/CamVid/train/0016E5_08017.png,/content/drive/MyDrive/Thesis (Image Segmentation)/FCN/CamVid/train_labels_npy/0016E5_08017_L.npy
/content/drive/MyDrive/Thesis (Image Segmentation)/FCN/CamVid/train/0016E5_08035.png,/content/drive/MyDrive/Thesis (Image Segmentation)/FCN/CamVid/train_labels_npy/0016E5_08035_L.npy
/content/drive/MyDrive/Thesis (Image Segmentation)/FCN/CamVid/train/0016E5_08015.png,/content/drive/MyDrive/Thesis (Image Segmentation)/FCN/CamVid/train_labels_npy/0016E5_08015_L.npy
/content/drive/MyDrive/Thesis (Image Segmentation)/FCN/CamVid/train/0016E5_08019.png,/content/drive/MyDrive/Thesis (Image Segmentation)/FCN/CamVid/train_labels_npy/0016E5_08019_L.npy
/content/drive/MyDrive/Thesis (Image Segmentation)/FCN/CamVid/train/0016E5_08041.png,/content/drive/MyDrive/Thesis (Image Segmentation)/FCN/CamVid/train_labels_npy/0016E5_08041_L.npy
/content/drive/MyDrive/Thesis (Image Segmentation)/FCN/CamVid/train/0016E5_08057.png,/content/drive/MyDrive/Thesis (Image Segmentation)/FCN/CamVid/train_labels_npy/0016E5_08057_L.npy
/content/drive/MyDrive/Thesis (Image Segmentation)/FCN/CamVid/train/0016E5_08081.png,/content/drive/MyDrive/Thesis (Image Segmentation)/FCN/CamVid/train_labels_npy/0016E5_08081_L.npy
/content/drive/MyDrive/Thesis (Image Segmentation)/FCN/CamVid/train/0016E5_08033.png,/content/drive/MyDrive/Thesis (Image Segmentation)/FCN/CamVid/train_labels_npy/0016E5_08033_L.npy
/content/drive/MyDrive/Thesis (Image Segmentation)/FCN/CamVid/train/0016E5_08043.png,/content/drive/MyDrive/Thesis (Image Segmentation)/FCN/CamVid/train_labels_npy/0016E5_08043_L.npy
/content/drive/MyDrive/Thesis (Image Segmentation)/FCN/CamVid/train/0016E5_08153.png,/content/drive/MyDrive/Thesis (Image Segmentation)/FCN/CamVid/train_labels_npy/0016E5_08153_L.npy
/content/drive/MyDrive/Thesis (Image Segmentation)/FCN/CamVid/train/0016E5_08097.png,/content/drive/MyDrive/Thesis (Image Segmentation)/FCN/CamVid/train_labels_npy/0016E5_08097_L.npy
/content/drive/MyDrive/Thesis (Image Segmentation)/FCN/CamVid/train/0016E5_08121.png,/content/drive/MyDrive/Thesis (Image Segmentation)/FCN/CamVid/train_labels_npy/0016E5_08121_L.npy
/content/drive/MyDrive/Thesis (Image Segmentation)/FCN/CamVid/train/0016E5_08099.png,/content/drive/MyDrive/Thesis (Image Segmentation)/FCN/CamVid/train_labels_npy/0016E5_08099_L.npy
/content/drive/MyDrive/Thesis (Image Segmentation)/FCN/CamVid/train/0016E5_08095.png,/content/drive/MyDrive/Thesis (Image Segmentation)/FCN/CamVid/train_labels_npy/0016E5_08095_L.npy
/content/drive/MyDrive/Thesis (Image Segmentation)/FCN/CamVid/train/0016E5_08083.png,/content/drive/MyDrive/Thesis (Image Segmentation)/FCN/CamVid/train_labels_npy/0016E5_08083_L.npy
/content/drive/MyDrive/Thesis (Image Segmentation)/FCN/CamVid/train/0016E5_08093.png,/content/drive/MyDrive/Thesis (Image Segmentation)/FCN/CamVid/train_labels_npy/0016E5_08093_L.npy
/content/drive/MyDrive/Thesis (Image Segmentation)/FCN/CamVid/train/0016E5_08139.png,/content/drive/MyDrive/Thesis (Image Segmentation)/FCN/CamVid/train_labels_npy/0016E5_08139_L.npy
/content/drive/MyDrive/Thesis (Image Segmentation)/FCN/CamVid/train/0016E5_08137.png,/content/drive/MyDrive/Thesis (Image Segmentation)/FCN/CamVid/train_labels_npy/0016E5_08137_L.npy
/content/drive/MyDrive/Thesis (Image Segmentation)/FCN/CamVid/train/0016E5_08113.png,/content/drive/MyDrive/Thesis (Image Segmentation)/FCN/CamVid/train_labels_npy/0016E5_08113_L.npy
/content/drive/MyDrive/Thesis (Image Segmentation)/FCN/CamVid/train/0016E5_08119.png,/content/drive/MyDrive/Thesis (Image Segmentation)/FCN/CamVid/train_labels_npy/0016E5_08119_L.npy
/content/drive/MyDrive/Thesis (Image Segmentation)/FCN/CamVid/train/0016E5_08133.png,/content/drive/MyDrive/Thesis (Image Segmentation)/FCN/CamVid/train_labels_npy/0016E5_08133_L.npy
/content/drive/MyDrive/Thesis (Image Segmentation)/FCN/CamVid/train/0016E5_08123.png,/content/drive/MyDrive/Thesis (Image Segmentation)/FCN/CamVid/train_labels_npy/0016E5_08123_L.npy
/content/drive/MyDrive/Thesis (Image Segmentation)/FCN/CamVid/train/0016E5_08155.png,/content/drive/MyDrive/Thesis (Image Segmentation)/FCN/CamVid/train_labels_npy/0016E5_08155_L.npy
/content/drive/MyDrive/Thesis (Image Segmentation)/FCN/CamVid/train/0016E5_08135.png,/content/drive/MyDrive/Thesis (Image Segmentation)/FCN/CamVid/train_labels_npy/0016E5_08135_L.npy
/content/drive/MyDrive/Thesis (Image Segmentation)/FCN/CamVid/train/0016E5_08101.png,/content/drive/MyDrive/Thesis (Image Segmentation)/FCN/CamVid/train_labels_npy/0016E5_08101_L.npy
/content/drive/MyDrive/Thesis (Image Segmentation)/FCN/CamVid/train/0016E5_08117.png,/content/drive/MyDrive/Thesis (Image Segmentation)/FCN/CamVid/train_labels_npy/0016E5_08117_L.npy
/content/drive/MyDrive/Thesis (Image Segmentation)/FCN/CamVid/train/0016E5_08103.png,/content/drive/MyDrive/Thesis (Image Segmentation)/FCN/CamVid/train_labels_npy/0016E5_08103_L.npy
/content/drive/MyDrive/Thesis (Image Segmentation)/FCN/CamVid/train/0016E5_08143.png,/content/drive/MyDrive/Thesis (Image Segmentation)/FCN/CamVid/train_labels_npy/0016E5_08143_L.npy
/content/drive/MyDrive/Thesis (Image Segmentation)/FCN/CamVid/train/0016E5_08141.png,/content/drive/MyDrive/Thesis (Image Segmentation)/FCN/CamVid/train_labels_npy/0016E5_08141_L.npy
/content/drive/MyDrive/Thesis (Image Segmentation)/FCN/CamVid/train/0016E5_08115.png,/content/drive/MyDrive/Thesis (Image Segmentation)/FCN/CamVid/train_labels_npy/0016E5_08115_L.npy
/content/drive/MyDrive/Thesis (Image Segmentation)/FCN/CamVid/train/0016E5_08190.png,/content/drive/MyDrive/Thesis (Image Segmentation)/FCN/CamVid/train_labels_npy/0016E5_08190_L.npy
/content/drive/MyDrive/Thesis (Image Segmentation)/FCN/CamVid/train/Seq05VD_f00300.png,/content/drive/MyDrive/Thesis (Image Segmentation)/FCN/CamVid/train_labels_npy/Seq05VD_f00300_L.npy
/content/drive/MyDrive/Thesis (Image Segmentation)/FCN/CamVid/train/Seq05VD_f00120.png,/content/drive/MyDrive/Thesis (Image Segmentation)/FCN/CamVid/train_labels_npy/Seq05VD_f00120_L.npy
/content/drive/MyDrive/Thesis (Image Segmentation)/FCN/CamVid/train/0016E5_08370.png,/content/drive/MyDrive/Thesis (Image Segmentation)/FCN/CamVid/train_labels_npy/0016E5_08370_L.npy
/content/drive/MyDrive/Thesis (Image Segmentation)/FCN/CamVid/train/Seq05VD_f00000.png,/content/drive/MyDrive/Thesis (Image Segmentation)/FCN/CamVid/train_labels_npy/Seq05VD_f00000_L.npy
/content/drive/MyDrive/Thesis (Image Segmentation)/FCN/CamVid/train/Seq05VD_f00090.png,/content/drive/MyDrive/Thesis (Image Segmentation)/FCN/CamVid/train_labels_npy/Seq05VD_f00090_L.npy
/content/drive/MyDrive/Thesis (Image Segmentation)/FCN/CamVid/train/0016E5_08460.png,/content/drive/MyDrive/Thesis (Image Segmentation)/FCN/CamVid/train_labels_npy/0016E5_08460_L.npy
/content/drive/MyDrive/Thesis (Image Segmentation)/FCN/CamVid/train/Seq05VD_f00030.png,/content/drive/MyDrive/Thesis (Image Segmentation)/FCN/CamVid/train_labels_npy/Seq05VD_f00030_L.npy
/content/drive/MyDrive/Thesis (Image Segmentation)/FCN/CamVid/train/0016E5_08430.png,/content/drive/MyDrive/Thesis (Image Segmentation)/FCN/CamVid/train_labels_npy/0016E5_08430_L.npy
/content/drive/MyDrive/Thesis (Image Segmentation)/FCN/CamVid/train/Seq05VD_f00360.png,/content/drive/MyDrive/Thesis (Image Segmentation)/FCN/CamVid/train_labels_npy/Seq05VD_f00360_L.npy
/content/drive/MyDrive/Thesis (Image Segmentation)/FCN/CamVid/train/0016E5_08490.png,/content/drive/MyDrive/Thesis (Image Segmentation)/FCN/CamVid/train_labels_npy/0016E5_08490_L.npy
/content/drive/MyDrive/Thesis (Image Segmentation)/FCN/CamVid/train/Seq05VD_f00060.png,/content/drive/MyDrive/Thesis (Image Segmentation)/FCN/CamVid/train_labels_npy/Seq05VD_f00060_L.npy
/content/drive/MyDrive/Thesis (Image Segmentation)/FCN/CamVid/train/Seq05VD_f00330.png,/content/drive/MyDrive/Thesis (Image Segmentation)/FCN/CamVid/train_labels_npy/Seq05VD_f00330_L.npy
/content/drive/MyDrive/Thesis (Image Segmentation)/FCN/CamVid/train/0016E5_08159.png,/content/drive/MyDrive/Thesis (Image Segmentation)/FCN/CamVid/train_labels_npy/0016E5_08159_L.npy
/content/drive/MyDrive/Thesis (Image Segmentation)/FCN/CamVid/train/Seq05VD_f00150.png,/content/drive/MyDrive/Thesis (Image Segmentation)/FCN/CamVid/train_labels_npy/Seq05VD_f00150_L.npy
/content/drive/MyDrive/Thesis (Image Segmentation)/FCN/CamVid/train/0016E5_08220.png,/content/drive/MyDrive/Thesis (Image Segmentation)/FCN/CamVid/train_labels_npy/0016E5_08220_L.npy
/content/drive/MyDrive/Thesis (Image Segmentation)/FCN/CamVid/train/0016E5_08400.png,/content/drive/MyDrive/Thesis (Image Segmentation)/FCN/CamVid/train_labels_npy/0016E5_08400_L.npy
/content/drive/MyDrive/Thesis (Image Segmentation)/FCN/CamVid/train/0016E5_08520.png,/content/drive/MyDrive/Thesis (Image Segmentation)/FCN/CamVid/train_labels_npy/0016E5_08520_L.npy
/content/drive/MyDrive/Thesis (Image Segmentation)/FCN/CamVid/train/Seq05VD_f00450.png,/content/drive/MyDrive/Thesis (Image Segmentation)/FCN/CamVid/train_labels_npy/Seq05VD_f00450_L.npy
/content/drive/MyDrive/Thesis (Image Segmentation)/FCN/CamVid/train/0016E5_08157.png,/content/drive/MyDrive/Thesis (Image Segmentation)/FCN/CamVid/train_labels_npy/0016E5_08157_L.npy
/content/drive/MyDrive/Thesis (Image Segmentation)/FCN/CamVid/train/Seq05VD_f00420.png,/content/drive/MyDrive/Thesis (Image Segmentation)/FCN/CamVid/train_labels_npy/Seq05VD_f00420_L.npy
/content/drive/MyDrive/Thesis (Image Segmentation)/FCN/CamVid/train/Seq05VD_f00390.png,/content/drive/MyDrive/Thesis (Image Segmentation)/FCN/CamVid/train_labels_npy/Seq05VD_f00390_L.npy
/content/drive/MyDrive/Thesis (Image Segmentation)/FCN/CamVid/train/Seq05VD_f01590.png,/content/drive/MyDrive/Thesis (Image Segmentation)/FCN/CamVid/train_labels_npy/Seq05VD_f01590_L.npy
/content/drive/MyDrive/Thesis (Image Segmentation)/FCN/CamVid/train/Seq05VD_f00930.png,/content/drive/MyDrive/Thesis (Image Segmentation)/FCN/CamVid/train_labels_npy/Seq05VD_f00930_L.npy
/content/drive/MyDrive/Thesis (Image Segmentation)/FCN/CamVid/train/Seq05VD_f01050.png,/content/drive/MyDrive/Thesis (Image Segmentation)/FCN/CamVid/train_labels_npy/Seq05VD_f01050_L.npy
/content/drive/MyDrive/Thesis (Image Segmentation)/FCN/CamVid/train/Seq05VD_f01560.png,/content/drive/MyDrive/Thesis (Image Segmentation)/FCN/CamVid/train_labels_npy/Seq05VD_f01560_L.npy
/content/drive/MyDrive/Thesis (Image Segmentation)/FCN/CamVid/train/Seq05VD_f00750.png,/content/drive/MyDrive/Thesis (Image Segmentation)/FCN/CamVid/train_labels_npy/Seq05VD_f00750_L.npy
/content/drive/MyDrive/Thesis (Image Segmentation)/FCN/CamVid/train/Seq05VD_f01320.png,/content/drive/MyDrive/Thesis (Image Segmentation)/FCN/CamVid/train_labels_npy/Seq05VD_f01320_L.npy
/content/drive/MyDrive/Thesis (Image Segmentation)/FCN/CamVid/train/Seq05VD_f01020.png,/content/drive/MyDrive/Thesis (Image Segmentation)/FCN/CamVid/train_labels_npy/Seq05VD_f01020_L.npy
/content/drive/MyDrive/Thesis (Image Segmentation)/FCN/CamVid/train/Seq05VD_f01290.png,/content/drive/MyDrive/Thesis (Image Segmentation)/FCN/CamVid/train_labels_npy/Seq05VD_f01290_L.npy
/content/drive/MyDrive/Thesis (Image Segmentation)/FCN/CamVid/train/Seq05VD_f00720.png,/content/drive/MyDrive/Thesis (Image Segmentation)/FCN/CamVid/train_labels_npy/Seq05VD_f00720_L.npy
/content/drive/MyDrive/Thesis (Image Segmentation)/FCN/CamVid/train/Seq05VD_f00900.png,/content/drive/MyDrive/Thesis (Image Segmentation)/FCN/CamVid/train_labels_npy/Seq05VD_f00900_L.npy
/content/drive/MyDrive/Thesis (Image Segmentation)/FCN/CamVid/train/Seq05VD_f00660.png,/content/drive/MyDrive/Thesis (Image Segmentation)/FCN/CamVid/train_labels_npy/Seq05VD_f00660_L.npy
/content/drive/MyDrive/Thesis (Image Segmentation)/FCN/CamVid/train/Seq05VD_f01200.png,/content/drive/MyDrive/Thesis (Image Segmentation)/FCN/CamVid/train_labels_npy/Seq05VD_f01200_L.npy
/content/drive/MyDrive/Thesis (Image Segmentation)/FCN/CamVid/train/Seq05VD_f00990.png,/content/drive/MyDrive/Thesis (Image Segmentation)/FCN/CamVid/train_labels_npy/Seq05VD_f00990_L.npy
/content/drive/MyDrive/Thesis (Image Segmentation)/FCN/CamVid/train/Seq05VD_f00600.png,/content/drive/MyDrive/Thesis (Image Segmentation)/FCN/CamVid/train_labels_npy/Seq05VD_f00600_L.npy
/content/drive/MyDrive/Thesis (Image Segmentation)/FCN/CamVid/train/Seq05VD_f01650.png,/content/drive/MyDrive/Thesis (Image Segmentation)/FCN/CamVid/train_labels_npy/Seq05VD_f01650_L.npy
/content/drive/MyDrive/Thesis (Image Segmentation)/FCN/CamVid/train/Seq05VD_f01530.png,/content/drive/MyDrive/Thesis (Image Segmentation)/FCN/CamVid/train_labels_npy/Seq05VD_f01530_L.npy
/content/drive/MyDrive/Thesis (Image Segmentation)/FCN/CamVid/train/Seq05VD_f01230.png,/content/drive/MyDrive/Thesis (Image Segmentation)/FCN/CamVid/train_labels_npy/Seq05VD_f01230_L.npy
/content/drive/MyDrive/Thesis (Image Segmentation)/FCN/CamVid/train/Seq05VD_f01500.png,/content/drive/MyDrive/Thesis (Image Segmentation)/FCN/CamVid/train_labels_npy/Seq05VD_f01500_L.npy
/content/drive/MyDrive/Thesis (Image Segmentation)/FCN/CamVid/train/Seq05VD_f00630.png,/content/drive/MyDrive/Thesis (Image Segmentation)/FCN/CamVid/train_labels_npy/Seq05VD_f00630_L.npy
/content/drive/MyDrive/Thesis (Image Segmentation)/FCN/CamVid/train/Seq05VD_f01260.png,/content/drive/MyDrive/Thesis (Image Segmentation)/FCN/CamVid/train_labels_npy/Seq05VD_f01260_L.npy
/content/drive/MyDrive/Thesis (Image Segmentation)/FCN/CamVid/train/Seq05VD_f01350.png,/content/drive/MyDrive/Thesis (Image Segmentation)/FCN/CamVid/train_labels_npy/Seq05VD_f01350_L.npy
/content/drive/MyDrive/Thesis (Image Segmentation)/FCN/CamVid/train/Seq05VD_f01620.png,/content/drive/MyDrive/Thesis (Image Segmentation)/FCN/CamVid/train_labels_npy/Seq05VD_f01620_L.npy
/content/drive/MyDrive/Thesis (Image Segmentation)/FCN/CamVid/train/Seq05VD_f00960.png,/content/drive/MyDrive/Thesis (Image Segmentation)/FCN/CamVid/train_labels_npy/Seq05VD_f00960_L.npy
/content/drive/MyDrive/Thesis (Image Segmentation)/FCN/CamVid/train/Seq05VD_f00690.png,/content/drive/MyDrive/Thesis (Image Segmentation)/FCN/CamVid/train_labels_npy/Seq05VD_f00690_L.npy
/content/drive/MyDrive/Thesis (Image Segmentation)/FCN/CamVid/train/Seq05VD_f02160.png,/content/drive/MyDrive/Thesis (Image Segmentation)/FCN/CamVid/train_labels_npy/Seq05VD_f02160_L.npy
/content/drive/MyDrive/Thesis (Image Segmentation)/FCN/CamVid/train/Seq05VD_f02460.png,/content/drive/MyDrive/Thesis (Image Segmentation)/FCN/CamVid/train_labels_npy/Seq05VD_f02460_L.npy
/content/drive/MyDrive/Thesis (Image Segmentation)/FCN/CamVid/train/Seq05VD_f01860.png,/content/drive/MyDrive/Thesis (Image Segmentation)/FCN/CamVid/train_labels_npy/Seq05VD_f01860_L.npy
/content/drive/MyDrive/Thesis (Image Segmentation)/FCN/CamVid/train/Seq05VD_f02400.png,/content/drive/MyDrive/Thesis (Image Segmentation)/FCN/CamVid/train_labels_npy/Seq05VD_f02400_L.npy
/content/drive/MyDrive/Thesis (Image Segmentation)/FCN/CamVid/train/Seq05VD_f02790.png,/content/drive/MyDrive/Thesis (Image Segmentation)/FCN/CamVid/train_labels_npy/Seq05VD_f02790_L.npy
/content/drive/MyDrive/Thesis (Image Segmentation)/FCN/CamVid/train/Seq05VD_f02100.png,/content/drive/MyDrive/Thesis (Image Segmentation)/FCN/CamVid/train_labels_npy/Seq05VD_f02100_L.npy
/content/drive/MyDrive/Thesis (Image Segmentation)/FCN/CamVid/train/Seq05VD_f02250.png,/content/drive/MyDrive/Thesis (Image Segmentation)/FCN/CamVid/train_labels_npy/Seq05VD_f02250_L.npy
/content/drive/MyDrive/Thesis (Image Segmentation)/FCN/CamVid/train/Seq05VD_f01920.png,/content/drive/MyDrive/Thesis (Image Segmentation)/FCN/CamVid/train_labels_npy/Seq05VD_f01920_L.npy
/content/drive/MyDrive/Thesis (Image Segmentation)/FCN/CamVid/train/Seq05VD_f01800.png,/content/drive/MyDrive/Thesis (Image Segmentation)/FCN/CamVid/train_labels_npy/Seq05VD_f01800_L.npy
/content/drive/MyDrive/Thesis (Image Segmentation)/FCN/CamVid/train/Seq05VD_f02730.png,/content/drive/MyDrive/Thesis (Image Segmentation)/FCN/CamVid/train_labels_npy/Seq05VD_f02730_L.npy
/content/drive/MyDrive/Thesis (Image Segmentation)/FCN/CamVid/train/Seq05VD_f02550.png,/content/drive/MyDrive/Thesis (Image Segmentation)/FCN/CamVid/train_labels_npy/Seq05VD_f02550_L.npy
/content/drive/MyDrive/Thesis (Image Segmentation)/FCN/CamVid/train/Seq05VD_f02220.png,/content/drive/MyDrive/Thesis (Image Segmentation)/FCN/CamVid/train_labels_npy/Seq05VD_f02220_L.npy
/content/drive/MyDrive/Thesis (Image Segmentation)/FCN/CamVid/train/Seq05VD_f02820.png,/content/drive/MyDrive/Thesis (Image Segmentation)/FCN/CamVid/train_labels_npy/Seq05VD_f02820_L.npy
/content/drive/MyDrive/Thesis (Image Segmentation)/FCN/CamVid/train/Seq05VD_f02490.png,/content/drive/MyDrive/Thesis (Image Segmentation)/FCN/CamVid/train_labels_npy/Seq05VD_f02490_L.npy
/content/drive/MyDrive/Thesis (Image Segmentation)/FCN/CamVid/train/Seq05VD_f02700.png,/content/drive/MyDrive/Thesis (Image Segmentation)/FCN/CamVid/train_labels_npy/Seq05VD_f02700_L.npy
/content/drive/MyDrive/Thesis (Image Segmentation)/FCN/CamVid/train/Seq05VD_f01830.png,/content/drive/MyDrive/Thesis (Image Segmentation)/FCN/CamVid/train_labels_npy/Seq05VD_f01830_L.npy
/content/drive/MyDrive/Thesis (Image Segmentation)/FCN/CamVid/train/Seq05VD_f02130.png,/content/drive/MyDrive/Thesis (Image Segmentation)/FCN/CamVid/train_labels_npy/Seq05VD_f02130_L.npy
/content/drive/MyDrive/Thesis (Image Segmentation)/FCN/CamVid/train/Seq05VD_f02520.png,/content/drive/MyDrive/Thesis (Image Segmentation)/FCN/CamVid/train_labels_npy/Seq05VD_f02520_L.npy
/content/drive/MyDrive/Thesis (Image Segmentation)/FCN/CamVid/train/Seq05VD_f01950.png,/content/drive/MyDrive/Thesis (Image Segmentation)/FCN/CamVid/train_labels_npy/Seq05VD_f01950_L.npy
/content/drive/MyDrive/Thesis (Image Segmentation)/FCN/CamVid/train/Seq05VD_f02760.png,/content/drive/MyDrive/Thesis (Image Segmentation)/FCN/CamVid/train_labels_npy/Seq05VD_f02760_L.npy
/content/drive/MyDrive/Thesis (Image Segmentation)/FCN/CamVid/train/Seq05VD_f02190.png,/content/drive/MyDrive/Thesis (Image Segmentation)/FCN/CamVid/train_labels_npy/Seq05VD_f02190_L.npy
/content/drive/MyDrive/Thesis (Image Segmentation)/FCN/CamVid/train/Seq05VD_f01890.png,/content/drive/MyDrive/Thesis (Image Segmentation)/FCN/CamVid/train_labels_npy/Seq05VD_f01890_L.npy
/content/drive/MyDrive/Thesis (Image Segmentation)/FCN/CamVid/train/Seq05VD_f02430.png,/content/drive/MyDrive/Thesis (Image Segmentation)/FCN/CamVid/train_labels_npy/Seq05VD_f02430_L.npy
/content/drive/MyDrive/Thesis (Image Segmentation)/FCN/CamVid/train/Seq05VD_f03120.png,/content/drive/MyDrive/Thesis (Image Segmentation)/FCN/CamVid/train_labels_npy/Seq05VD_f03120_L.npy
/content/drive/MyDrive/Thesis (Image Segmentation)/FCN/CamVid/train/Seq05VD_f03000.png,/content/drive/MyDrive/Thesis (Image Segmentation)/FCN/CamVid/train_labels_npy/Seq05VD_f03000_L.npy
/content/drive/MyDrive/Thesis (Image Segmentation)/FCN/CamVid/train/Seq05VD_f03450.png,/content/drive/MyDrive/Thesis (Image Segmentation)/FCN/CamVid/train_labels_npy/Seq05VD_f03450_L.npy
/content/drive/MyDrive/Thesis (Image Segmentation)/FCN/CamVid/train/Seq05VD_f03420.png,/content/drive/MyDrive/Thesis (Image Segmentation)/FCN/CamVid/train_labels_npy/Seq05VD_f03420_L.npy
/content/drive/MyDrive/Thesis (Image Segmentation)/FCN/CamVid/train/Seq05VD_f03630.png,/content/drive/MyDrive/Thesis (Image Segmentation)/FCN/CamVid/train_labels_npy/Seq05VD_f03630_L.npy
/content/drive/MyDrive/Thesis (Image Segmentation)/FCN/CamVid/train/Seq05VD_f03960.png,/content/drive/MyDrive/Thesis (Image Segmentation)/FCN/CamVid/train_labels_npy/Seq05VD_f03960_L.npy
/content/drive/MyDrive/Thesis (Image Segmentation)/FCN/CamVid/train/Seq05VD_f03660.png,/content/drive/MyDrive/Thesis (Image Segmentation)/FCN/CamVid/train_labels_npy/Seq05VD_f03660_L.npy
/content/drive/MyDrive/Thesis (Image Segmentation)/FCN/CamVid/train/Seq05VD_f03300.png,/content/drive/MyDrive/Thesis (Image Segmentation)/FCN/CamVid/train_labels_npy/Seq05VD_f03300_L.npy
/content/drive/MyDrive/Thesis (Image Segmentation)/FCN/CamVid/train/Seq05VD_f03750.png,/content/drive/MyDrive/Thesis (Image Segmentation)/FCN/CamVid/train_labels_npy/Seq05VD_f03750_L.npy
/content/drive/MyDrive/Thesis (Image Segmentation)/FCN/CamVid/train/Seq05VD_f03990.png,/content/drive/MyDrive/Thesis (Image Segmentation)/FCN/CamVid/train_labels_npy/Seq05VD_f03990_L.npy
/content/drive/MyDrive/Thesis (Image Segmentation)/FCN/CamVid/train/Seq05VD_f03900.png,/content/drive/MyDrive/Thesis (Image Segmentation)/FCN/CamVid/train_labels_npy/Seq05VD_f03900_L.npy
/content/drive/MyDrive/Thesis (Image Segmentation)/FCN/CamVid/train/Seq05VD_f03720.png,/content/drive/MyDrive/Thesis (Image Segmentation)/FCN/CamVid/train_labels_npy/Seq05VD_f03720_L.npy
/content/drive/MyDrive/Thesis (Image Segmentation)/FCN/CamVid/train/Seq05VD_f03090.png,/content/drive/MyDrive/Thesis (Image Segmentation)/FCN/CamVid/train_labels_npy/Seq05VD_f03090_L.npy
/content/drive/MyDrive/Thesis (Image Segmentation)/FCN/CamVid/train/Seq05VD_f04020.png,/content/drive/MyDrive/Thesis (Image Segmentation)/FCN/CamVid/train_labels_npy/Seq05VD_f04020_L.npy
/content/drive/MyDrive/Thesis (Image Segmentation)/FCN/CamVid/train/Seq05VD_f03690.png,/content/drive/MyDrive/Thesis (Image Segmentation)/FCN/CamVid/train_labels_npy/Seq05VD_f03690_L.npy
/content/drive/MyDrive/Thesis (Image Segmentation)/FCN/CamVid/train/Seq05VD_f03930.png,/content/drive/MyDrive/Thesis (Image Segmentation)/FCN/CamVid/train_labels_npy/Seq05VD_f03930_L.npy
/content/drive/MyDrive/Thesis (Image Segmentation)/FCN/CamVid/train/Seq05VD_f03600.png,/content/drive/MyDrive/Thesis (Image Segmentation)/FCN/CamVid/train_labels_npy/Seq05VD_f03600_L.npy
/content/drive/MyDrive/Thesis (Image Segmentation)/FCN/CamVid/train/Seq05VD_f03030.png,/content/drive/MyDrive/Thesis (Image Segmentation)/FCN/CamVid/train_labels_npy/Seq05VD_f03030_L.npy
/content/drive/MyDrive/Thesis (Image Segmentation)/FCN/CamVid/train/Seq05VD_f03390.png,/content/drive/MyDrive/Thesis (Image Segmentation)/FCN/CamVid/train_labels_npy/Seq05VD_f03390_L.npy
/content/drive/MyDrive/Thesis (Image Segmentation)/FCN/CamVid/train/Seq05VD_f03330.png,/content/drive/MyDrive/Thesis (Image Segmentation)/FCN/CamVid/train_labels_npy/Seq05VD_f03330_L.npy
/content/drive/MyDrive/Thesis (Image Segmentation)/FCN/CamVid/train/Seq05VD_f02850.png,/content/drive/MyDrive/Thesis (Image Segmentation)/FCN/CamVid/train_labels_npy/Seq05VD_f02850_L.npy
/content/drive/MyDrive/Thesis (Image Segmentation)/FCN/CamVid/train/Seq05VD_f03150.png,/content/drive/MyDrive/Thesis (Image Segmentation)/FCN/CamVid/train_labels_npy/Seq05VD_f03150_L.npy
/content/drive/MyDrive/Thesis (Image Segmentation)/FCN/CamVid/train/Seq05VD_f03360.png,/content/drive/MyDrive/Thesis (Image Segmentation)/FCN/CamVid/train_labels_npy/Seq05VD_f03360_L.npy
/content/drive/MyDrive/Thesis (Image Segmentation)/FCN/CamVid/train/Seq05VD_f03060.png,/content/drive/MyDrive/Thesis (Image Segmentation)/FCN/CamVid/train_labels_npy/Seq05VD_f03060_L.npy
/content/drive/MyDrive/Thesis (Image Segmentation)/FCN/CamVid/train/Seq05VD_f04500.png,/content/drive/MyDrive/Thesis (Image Segmentation)/FCN/CamVid/train_labels_npy/Seq05VD_f04500_L.npy
/content/drive/MyDrive/Thesis (Image Segmentation)/FCN/CamVid/train/Seq05VD_f04350.png,/content/drive/MyDrive/Thesis (Image Segmentation)/FCN/CamVid/train_labels_npy/Seq05VD_f04350_L.npy
/content/drive/MyDrive/Thesis (Image Segmentation)/FCN/CamVid/train/Seq05VD_f04920.png,/content/drive/MyDrive/Thesis (Image Segmentation)/FCN/CamVid/train_labels_npy/Seq05VD_f04920_L.npy
/content/drive/MyDrive/Thesis (Image Segmentation)/FCN/CamVid/train/Seq05VD_f04590.png,/content/drive/MyDrive/Thesis (Image Segmentation)/FCN/CamVid/train_labels_npy/Seq05VD_f04590_L.npy
/content/drive/MyDrive/Thesis (Image Segmentation)/FCN/CamVid/train/Seq05VD_f04830.png,/content/drive/MyDrive/Thesis (Image Segmentation)/FCN/CamVid/train_labels_npy/Seq05VD_f04830_L.npy
/content/drive/MyDrive/Thesis (Image Segmentation)/FCN/CamVid/train/Seq05VD_f04950.png,/content/drive/MyDrive/Thesis (Image Segmentation)/FCN/CamVid/train_labels_npy/Seq05VD_f04950_L.npy
/content/drive/MyDrive/Thesis (Image Segmentation)/FCN/CamVid/train/Seq05VD_f04290.png,/content/drive/MyDrive/Thesis (Image Segmentation)/FCN/CamVid/train_labels_npy/Seq05VD_f04290_L.npy
/content/drive/MyDrive/Thesis (Image Segmentation)/FCN/CamVid/train/Seq05VD_f04260.png,/content/drive/MyDrive/Thesis (Image Segmentation)/FCN/CamVid/train_labels_npy/Seq05VD_f04260_L.npy
/content/drive/MyDrive/Thesis (Image Segmentation)/FCN/CamVid/train/Seq05VD_f04320.png,/content/drive/MyDrive/Thesis (Image Segmentation)/FCN/CamVid/train_labels_npy/Seq05VD_f04320_L.npy
/content/drive/MyDrive/Thesis (Image Segmentation)/FCN/CamVid/train/Seq05VD_f05100.png,/content/drive/MyDrive/Thesis (Image Segmentation)/FCN/CamVid/train_labels_npy/Seq05VD_f05100_L.npy
/content/drive/MyDrive/Thesis (Image Segmentation)/FCN/CamVid/train/Seq05VD_f04800.png,/content/drive/MyDrive/Thesis (Image Segmentation)/FCN/CamVid/train_labels_npy/Seq05VD_f04800_L.npy
/content/drive/MyDrive/Thesis (Image Segmentation)/FCN/CamVid/train/Seq05VD_f04620.png,/content/drive/MyDrive/Thesis (Image Segmentation)/FCN/CamVid/train_labels_npy/Seq05VD_f04620_L.npy
/content/drive/MyDrive/Thesis (Image Segmentation)/FCN/CamVid/train/Seq05VD_f04890.png,/content/drive/MyDrive/Thesis (Image Segmentation)/FCN/CamVid/train_labels_npy/Seq05VD_f04890_L.npy
/content/drive/MyDrive/Thesis (Image Segmentation)/FCN/CamVid/train/Seq05VD_f04230.png,/content/drive/MyDrive/Thesis (Image Segmentation)/FCN/CamVid/train_labels_npy/Seq05VD_f04230_L.npy
/content/drive/MyDrive/Thesis (Image Segmentation)/FCN/CamVid/train/Seq05VD_f04860.png,/content/drive/MyDrive/Thesis (Image Segmentation)/FCN/CamVid/train_labels_npy/Seq05VD_f04860_L.npy
/content/drive/MyDrive/Thesis (Image Segmentation)/FCN/CamVid/train/Seq05VD_f04200.png,/content/drive/MyDrive/Thesis (Image Segmentation)/FCN/CamVid/train_labels_npy/Seq05VD_f04200_L.npy
/content/drive/MyDrive/Thesis (Image Segmentation)/FCN/CamVid/train/Seq05VD_f04650.png,/content/drive/MyDrive/Thesis (Image Segmentation)/FCN/CamVid/train_labels_npy/Seq05VD_f04650_L.npy
/content/drive/MyDrive/Thesis (Image Segmentation)/FCN/CamVid/train/Seq05VD_f04530.png,/content/drive/MyDrive/Thesis (Image Segmentation)/FCN/CamVid/train_labels_npy/Seq05VD_f04530_L.npy
/content/drive/MyDrive/Thesis (Image Segmentation)/FCN/CamVid/train/Seq05VD_f04560.png,/content/drive/MyDrive/Thesis (Image Segmentation)/FCN/CamVid/train_labels_npy/Seq05VD_f04560_L.npy
/content/drive/MyDrive/Thesis (Image Segmentation)/FCN/CamVid/train/Seq05VD_f04050.png,/content/drive/MyDrive/Thesis (Image Segmentation)/FCN/CamVid/train_labels_npy/Seq05VD_f04050_L.npy
